{"name":"06f2bd38-736b-489d-bf6a-8b7c84e7316c","id":"/providers/Microsoft.Flow/flows/06f2bd38-736b-489d-bf6a-8b7c84e7316c","type":"Microsoft.Flow/flows","properties":{"apiId":"/providers/Microsoft.PowerApps/apis/shared_logicflows","displayName":"PDF作成","definition":{"metadata":{"workflowEntityId":null,"flowclientsuspensionreason":"None","flowclientsuspensiontime":null,"creator":{"id":"4464c495-4870-4d60-a13a-79e0cc022d01","type":"User","tenantId":"bc6b6097-83de-4041-9420-740f849aaae6"},"provisioningMethod":"FromDefinition","failureAlertSubscription":true,"clientLastModifiedTime":"2020-09-14T16:08:01.973791Z"},"$schema":"https://schema.management.azure.com/providers/Microsoft.Logic/schemas/2016-06-01/workflowdefinition.json#","contentVersion":"1.0.0.0","parameters":{"$connections":{"defaultValue":{},"type":"Object"},"$authentication":{"defaultValue":{},"type":"SecureObject"}},"triggers":{"manual":{"type":"Request","kind":"PowerApp","inputs":{"schema":{"type":"object","properties":{"明細行取得_フィルタークエリ":{"type":"string","description":"返されるエントリを制限するための ODATA フィルター クエリ。。このパラメーターは、次の一部として使用されます: \"D524A5A6-E501-4B72-A2B4-8EB41D221095\"","x-ms-powerflows-param-ispartial":true}},"required":["明細行取得_フィルタークエリ"]}}}},"actions":{"ワード文書保存":{"runAfter":{"ワードテンプレート値設定":["Succeeded"]},"type":"OpenApiConnection","inputs":{"host":{"apiId":"/providers/Microsoft.PowerApps/apis/shared_onedriveforbusiness","connectionName":"shared_onedriveforbusiness","operationId":"CreateFile"},"parameters":{"folderPath":"/PowerApps/小口経理PDFファイル","name":"@{outputs('ヘッダー行取得')?['body/経費ID']}.docx","body":"@outputs('ワードテンプレート値設定')?['body']"},"authentication":{"value":"@json(decodeBase64(triggerOutputs().headers['X-MS-APIM-Tokens']))['$ConnectionKey']","type":"Raw"}},"runtimeConfiguration":{"contentTransfer":{"transferMode":"Chunked"}}},"ワードテンプレート値設定":{"runAfter":{"ヘッダー行取得":["Succeeded"]},"metadata":{"01SQWBLTNFPPIBAVWMYRE2P4SKNG4VA6VZ":"/PowerApps/小口経理精算テンプレート.docx","01SQWBLTLV4MWS5PVUENG3ZXWLFLBD5A25":"/PowerApps/小口経理精算テンプレート.docx","01SQWBLTOTWBEOY7OPTRAIPNOG45FEWKEO":"/PowerApps/小口経理精算テンプレート.docx"},"type":"OpenApiConnection","inputs":{"host":{"apiId":"/providers/Microsoft.PowerApps/apis/shared_wordonlinebusiness","connectionName":"shared_wordonlinebusiness","operationId":"CreateFileItem"},"parameters":{"source":"me","drive":"b!T-PuEw_ZL0CF4CSyyLQnTK8r_l-dMI5NhNOuBZwfx8FD9InPy-6TS7zKpK4MGQqb","file":"01SQWBLTOTWBEOY7OPTRAIPNOG45FEWKEO","dynamicFileSchema/595057518":"@variables('TotalValue')","dynamicFileSchema/-895343814":"@outputs('ヘッダー行取得')?['body/経費ID']","dynamicFileSchema/-1453091665":"@outputs('ヘッダー行取得')?['body/申請日付']","dynamicFileSchema/-1478453942":"@outputs('ヘッダー行取得')?['body/申請者名']","dynamicFileSchema/-53240725":"@variables('明細行配列')"},"authentication":{"value":"@json(decodeBase64(triggerOutputs().headers['X-MS-APIM-Tokens']))['$ConnectionKey']","type":"Raw"}}},"ヘッダー行取得":{"runAfter":{"明細行繰り返し処理":["Succeeded"]},"metadata":{"01SQWBLTLKZOAGH3CTJVDIULKGRNNPTHBM":"/PowerApps/小口経費精算データ.xlsx","tableId":"{00000000-000C-0000-FFFF-FFFF00000000}"},"type":"OpenApiConnection","inputs":{"host":{"apiId":"/providers/Microsoft.PowerApps/apis/shared_excelonlinebusiness","connectionName":"shared_excelonlinebusiness","operationId":"GetItem"},"parameters":{"source":"me","drive":"b!T-PuEw_ZL0CF4CSyyLQnTK8r_l-dMI5NhNOuBZwfx8FD9InPy-6TS7zKpK4MGQqb","file":"01SQWBLTLKZOAGH3CTJVDIULKGRNNPTHBM","table":"{00000000-000C-0000-FFFF-FFFF00000000}","idColumn":"経費ID","id":"@triggerBody()['明細行取得_フィルタークエリ']"},"authentication":{"value":"@json(decodeBase64(triggerOutputs().headers['X-MS-APIM-Tokens']))['$ConnectionKey']","type":"Raw"}}},"明細行配列初期化":{"runAfter":{},"type":"InitializeVariable","inputs":{"variables":[{"name":"明細行配列","type":"array"}]}},"明細行取得":{"runAfter":{"合計金額初期化":["Succeeded"]},"metadata":{"01SQWBLTLKZOAGH3CTJVDIULKGRNNPTHBM":"/PowerApps/小口経費精算データ.xlsx","tableId":"{00000000-000C-0000-FFFF-FFFF01000000}"},"type":"OpenApiConnection","inputs":{"host":{"apiId":"/providers/Microsoft.PowerApps/apis/shared_excelonlinebusiness","connectionName":"shared_excelonlinebusiness","operationId":"GetItems"},"parameters":{"source":"me","drive":"b!T-PuEw_ZL0CF4CSyyLQnTK8r_l-dMI5NhNOuBZwfx8FD9InPy-6TS7zKpK4MGQqb","file":"01SQWBLTLKZOAGH3CTJVDIULKGRNNPTHBM","table":"{00000000-000C-0000-FFFF-FFFF01000000}","$filter":"経費ID eq '@{triggerBody()['明細行取得_フィルタークエリ']}'"},"authentication":{"value":"@json(decodeBase64(triggerOutputs().headers['X-MS-APIM-Tokens']))['$ConnectionKey']","type":"Raw"}}},"明細行繰り返し処理":{"foreach":"@outputs('明細行取得')?['body/value']","actions":{"明細行配列に追加":{"runAfter":{},"type":"AppendToArrayVariable","inputs":{"name":"明細行配列","value":{"利用日":"@items('明細行繰り返し処理')?['利用日付']","支払先":"@items('明細行繰り返し処理')?['支払先']","摘要":"@items('明細行繰り返し処理')?['摘要']","金額":"@items('明細行繰り返し処理')?['金額']"}}},"合計金額加算処理":{"runAfter":{"明細行配列に追加":["Succeeded"]},"type":"IncrementVariable","inputs":{"name":"TotalValue","value":"@int(items('明細行繰り返し処理')?['金額'])"}}},"runAfter":{"明細行取得":["Succeeded"]},"type":"Foreach"},"合計金額初期化":{"runAfter":{"明細行配列初期化":["Succeeded"]},"type":"InitializeVariable","inputs":{"variables":[{"name":"TotalValue","type":"integer","value":0}]}},"Word_文書を_PDF_に変換します":{"runAfter":{"ワード文書保存":["Succeeded"]},"type":"OpenApiConnection","inputs":{"host":{"apiId":"/providers/Microsoft.PowerApps/apis/shared_wordonlinebusiness","connectionName":"shared_wordonlinebusiness","operationId":"GetFilePDF"},"parameters":{"source":"me","drive":"b!T-PuEw_ZL0CF4CSyyLQnTK8r_l-dMI5NhNOuBZwfx8FD9InPy-6TS7zKpK4MGQqb","file":"@outputs('ワード文書保存')?['body/Path']"},"authentication":{"value":"@json(decodeBase64(triggerOutputs().headers['X-MS-APIM-Tokens']))['$ConnectionKey']","type":"Raw"}}},"PDFファイル保存":{"runAfter":{"Word_文書を_PDF_に変換します":["Succeeded"]},"type":"OpenApiConnection","inputs":{"host":{"apiId":"/providers/Microsoft.PowerApps/apis/shared_onedriveforbusiness","connectionName":"shared_onedriveforbusiness","operationId":"CreateFile"},"parameters":{"folderPath":"/PowerApps/小口経理PDFファイル","name":"@{outputs('ヘッダー行取得')?['body/経費ID']}.pdf","body":"@outputs('Word_文書を_PDF_に変換します')?['body']"},"authentication":{"value":"@json(decodeBase64(triggerOutputs().headers['X-MS-APIM-Tokens']))['$ConnectionKey']","type":"Raw"}},"runtimeConfiguration":{"contentTransfer":{"transferMode":"Chunked"}}},"PowerApp_または_Flow_に応答する":{"runAfter":{"PDFファイル保存":["Succeeded"]},"type":"Response","kind":"PowerApp","inputs":{"statusCode":200,"body":{"retvalue":"@outputs('PDFファイル保存')?['body/Path']"},"schema":{"type":"object","properties":{"retvalue":{"title":"retValue","x-ms-dynamically-added":true,"type":"string"}}}}}}},"connectionReferences":{"shared_onedriveforbusiness":{"connectionName":"05d26a150d2a4f2ba7550bec09a03094","source":"Invoker","id":"/providers/Microsoft.PowerApps/apis/shared_onedriveforbusiness","tier":"NotSpecified"},"shared_wordonlinebusiness":{"connectionName":"shared-wordonlinebus-9c299b8c-3a08-41a3-8cf0-57451a14ced3","source":"Invoker","id":"/providers/Microsoft.PowerApps/apis/shared_wordonlinebusiness","tier":"NotSpecified"},"shared_excelonlinebusiness":{"connectionName":"shared-excelonlinebu-a853bb81-a6ee-48d4-8d76-1eeb6513a8dc","source":"Invoker","id":"/providers/Microsoft.PowerApps/apis/shared_excelonlinebusiness","tier":"NotSpecified"}},"flowFailureAlertSubscribed":false}}